timestamp,equipment_id,status
2025-01-30 12:34:40.519766,Truck-001,Idle
2025-01-30 12:34:39.519771,Drill-002,Idle
2025-01-30 12:34:38.519773,Drill-002,Maintenance
2025-01-30 12:34:37.519774,Truck-001,Running
2025-01-30 12:34:36.519774,Drill-002,Idle
2025-01-30 12:34:35.519775,Conveyor-003,Idle
2025-01-30 12:34:34.519776,Drill-002,Running
2025-01-30 12:34:33.519777,Truck-001,Maintenance
2025-01-30 12:34:32.519778,Truck-001,Running
2025-01-30 12:34:31.519779,Conveyor-003,Maintenance
2025-01-30 12:34:30.519779,Drill-002,Running
2025-01-30 12:34:29.519780,Conveyor-003,Idle
2025-01-30 12:34:28.519781,Conveyor-003,Running
2025-01-30 12:34:27.519782,Truck-001,Maintenance
2025-01-30 12:34:26.519783,Truck-001,Running
2025-01-30 12:34:25.519783,Drill-002,Running
2025-01-30 12:34:24.519784,Truck-001,Maintenance
2025-01-30 12:34:23.519785,Truck-001,Maintenance
2025-01-30 12:34:22.519786,Conveyor-003,Running
2025-01-30 12:34:21.519787,Truck-001,Running
2025-01-30 12:34:20.519788,Drill-002,Running
2025-01-30 12:34:19.519788,Truck-001,Maintenance
2025-01-30 12:34:18.519789,Drill-002,Maintenance
2025-01-30 12:34:17.519790,Truck-001,Idle
2025-01-30 12:34:16.519791,Drill-002,Running
2025-01-30 12:34:15.519792,Truck-001,Running
2025-01-30 12:34:14.519793,Conveyor-003,Maintenance
2025-01-30 12:34:13.519794,Truck-001,Running
2025-01-30 12:34:12.519794,Conveyor-003,Maintenance
2025-01-30 12:34:11.519795,Drill-002,Running
2025-01-30 12:34:10.519796,Conveyor-003,Maintenance
2025-01-30 12:34:09.519797,Truck-001,Maintenance
2025-01-30 12:34:08.519798,Drill-002,Maintenance
2025-01-30 12:34:07.519799,Truck-001,Idle
2025-01-30 12:34:06.519799,Conveyor-003,Maintenance
2025-01-30 12:34:05.519800,Truck-001,Maintenance
2025-01-30 12:34:04.519801,Conveyor-003,Maintenance
2025-01-30 12:34:03.519802,Truck-001,Idle
2025-01-30 12:34:02.519803,Drill-002,Running
2025-01-30 12:34:01.519803,Drill-002,Maintenance
2025-01-30 12:34:00.519804,Drill-002,Idle
2025-01-30 12:33:59.519805,Conveyor-003,Idle
2025-01-30 12:33:58.519806,Truck-001,Idle
2025-01-30 12:33:57.519807,Drill-002,Idle
2025-01-30 12:33:56.519807,Conveyor-003,Running
2025-01-30 12:33:55.519808,Conveyor-003,Maintenance
2025-01-30 12:33:54.519809,Drill-002,Running
2025-01-30 12:33:53.519810,Conveyor-003,Running
2025-01-30 12:33:52.519811,Truck-001,Idle
2025-01-30 12:33:51.519811,Truck-001,Maintenance
2025-01-30 12:33:50.519812,Drill-002,Idle
2025-01-30 12:33:49.519813,Drill-002,Idle
2025-01-30 12:33:48.519814,Conveyor-003,Idle
2025-01-30 12:33:47.519815,Truck-001,Maintenance
2025-01-30 12:33:46.519816,Drill-002,Running
2025-01-30 12:33:45.519816,Truck-001,Maintenance
2025-01-30 12:33:44.519817,Conveyor-003,Maintenance
2025-01-30 12:33:43.519818,Drill-002,Maintenance
2025-01-30 12:33:42.519819,Truck-001,Running
2025-01-30 12:33:41.519820,Drill-002,Running
2025-01-30 12:33:40.519820,Truck-001,Maintenance
2025-01-30 12:33:39.519821,Truck-001,Maintenance
2025-01-30 12:33:38.519822,Drill-002,Maintenance
2025-01-30 12:33:37.519823,Conveyor-003,Maintenance
2025-01-30 12:33:36.519824,Conveyor-003,Maintenance
2025-01-30 12:33:35.519825,Drill-002,Maintenance
2025-01-30 12:33:34.519826,Conveyor-003,Running
2025-01-30 12:33:33.519826,Truck-001,Running
2025-01-30 12:33:32.519827,Conveyor-003,Running
2025-01-30 12:33:31.519828,Drill-002,Running
2025-01-30 12:33:30.519829,Conveyor-003,Running
2025-01-30 12:33:29.519830,Truck-001,Running
2025-01-30 12:33:28.519830,Drill-002,Maintenance
2025-01-30 12:33:27.519831,Drill-002,Running
2025-01-30 12:33:26.519832,Conveyor-003,Running
2025-01-30 12:33:25.519833,Conveyor-003,Maintenance
2025-01-30 12:33:24.519834,Conveyor-003,Idle
2025-01-30 12:33:23.519835,Drill-002,Maintenance
2025-01-30 12:33:22.519836,Drill-002,Maintenance
2025-01-30 12:33:21.519837,Truck-001,Maintenance
2025-01-30 12:33:20.519837,Drill-002,Maintenance
2025-01-30 12:33:19.519838,Truck-001,Running
2025-01-30 12:33:18.519839,Truck-001,Running
2025-01-30 12:33:17.519840,Truck-001,Maintenance
2025-01-30 12:33:16.519841,Truck-001,Idle
2025-01-30 12:33:15.519841,Truck-001,Maintenance
2025-01-30 12:33:14.519842,Drill-002,Idle
2025-01-30 12:33:13.519843,Drill-002,Running
2025-01-30 12:33:12.519844,Drill-002,Running
2025-01-30 12:33:11.519845,Truck-001,Maintenance
2025-01-30 12:33:10.519845,Drill-002,Maintenance
2025-01-30 12:33:09.519846,Drill-002,Maintenance
2025-01-30 12:33:08.519847,Truck-001,Running
2025-01-30 12:33:07.519848,Conveyor-003,Running
2025-01-30 12:33:06.519849,Truck-001,Running
2025-01-30 12:33:05.519849,Drill-002,Idle
2025-01-30 12:33:04.519850,Drill-002,Idle
2025-01-30 12:33:03.519851,Drill-002,Idle
2025-01-30 12:33:02.519852,Drill-002,Maintenance
2025-01-30 12:33:01.519853,Truck-001,Maintenance
2025-01-30 12:33:00.519853,Drill-002,Idle
2025-01-30 12:32:59.519854,Conveyor-003,Running
2025-01-30 12:32:58.519855,Truck-001,Maintenance
2025-01-30 12:32:57.519856,Conveyor-003,Running
2025-01-30 12:32:56.519857,Conveyor-003,Maintenance
2025-01-30 12:32:55.519857,Conveyor-003,Maintenance
2025-01-30 12:32:54.519858,Conveyor-003,Maintenance
2025-01-30 12:32:53.519859,Conveyor-003,Running
2025-01-30 12:32:52.519860,Drill-002,Idle
2025-01-30 12:32:51.519861,Truck-001,Maintenance
2025-01-30 12:32:50.519862,Conveyor-003,Running
2025-01-30 12:32:49.519863,Truck-001,Maintenance
2025-01-30 12:32:48.519863,Truck-001,Idle
2025-01-30 12:32:47.519864,Drill-002,Idle
2025-01-30 12:32:46.519865,Drill-002,Maintenance
2025-01-30 12:32:45.519866,Conveyor-003,Idle
2025-01-30 12:32:44.519867,Truck-001,Maintenance
2025-01-30 12:32:43.519867,Drill-002,Idle
2025-01-30 12:32:42.519868,Truck-001,Idle
2025-01-30 12:32:41.519869,Conveyor-003,Idle
2025-01-30 12:32:40.519870,Conveyor-003,Running
2025-01-30 12:32:39.519871,Drill-002,Maintenance
2025-01-30 12:32:38.519871,Conveyor-003,Maintenance
2025-01-30 12:32:37.519872,Drill-002,Maintenance
2025-01-30 12:32:36.519873,Truck-001,Running
2025-01-30 12:32:35.519874,Conveyor-003,Idle
2025-01-30 12:32:34.519875,Truck-001,Running
2025-01-30 12:32:33.519875,Conveyor-003,Maintenance
2025-01-30 12:32:32.519876,Conveyor-003,Idle
2025-01-30 12:32:31.519877,Drill-002,Running
2025-01-30 12:32:30.519878,Truck-001,Maintenance
2025-01-30 12:32:29.519879,Truck-001,Maintenance
2025-01-30 12:32:28.519879,Truck-001,Idle
2025-01-30 12:32:27.519880,Conveyor-003,Idle
2025-01-30 12:32:26.519881,Drill-002,Idle
2025-01-30 12:32:25.519882,Conveyor-003,Maintenance
2025-01-30 12:32:24.519883,Truck-001,Idle
2025-01-30 12:32:23.519883,Conveyor-003,Running
2025-01-30 12:32:22.519884,Truck-001,Idle
2025-01-30 12:32:21.519885,Truck-001,Maintenance
2025-01-30 12:32:20.519886,Conveyor-003,Running
2025-01-30 12:32:19.519887,Conveyor-003,Running
2025-01-30 12:32:18.519888,Conveyor-003,Idle
2025-01-30 12:32:17.519888,Conveyor-003,Idle
2025-01-30 12:32:16.519889,Truck-001,Idle
2025-01-30 12:32:15.519890,Drill-002,Maintenance
2025-01-30 12:32:14.519891,Drill-002,Running
2025-01-30 12:32:13.519892,Conveyor-003,Running
2025-01-30 12:32:12.519892,Drill-002,Running
2025-01-30 12:32:11.519893,Conveyor-003,Maintenance
2025-01-30 12:32:10.519894,Truck-001,Maintenance
2025-01-30 12:32:09.519895,Conveyor-003,Idle
2025-01-30 12:32:08.519896,Drill-002,Maintenance
2025-01-30 12:32:07.519897,Truck-001,Idle
2025-01-30 12:32:06.519897,Truck-001,Maintenance
2025-01-30 12:32:05.519898,Truck-001,Maintenance
2025-01-30 12:32:04.519899,Truck-001,Running
2025-01-30 12:32:03.519900,Drill-002,Maintenance
2025-01-30 12:32:02.519901,Drill-002,Idle
2025-01-30 12:32:01.519902,Truck-001,Running
2025-01-30 12:32:00.519902,Truck-001,Running
2025-01-30 12:31:59.519903,Truck-001,Idle
2025-01-30 12:31:58.519904,Conveyor-003,Idle
2025-01-30 12:31:57.519905,Conveyor-003,Running
2025-01-30 12:31:56.519906,Truck-001,Maintenance
2025-01-30 12:31:55.519906,Truck-001,Idle
2025-01-30 12:31:54.519907,Conveyor-003,Maintenance
2025-01-30 12:31:53.519908,Truck-001,Maintenance
2025-01-30 12:31:52.519909,Conveyor-003,Maintenance
2025-01-30 12:31:51.519910,Truck-001,Running
2025-01-30 12:31:50.519910,Truck-001,Running
2025-01-30 12:31:49.519911,Drill-002,Running
2025-01-30 12:31:48.519912,Conveyor-003,Maintenance
2025-01-30 12:31:47.519913,Truck-001,Maintenance
2025-01-30 12:31:46.519914,Drill-002,Idle
2025-01-30 12:31:45.519915,Drill-002,Idle
2025-01-30 12:31:44.519915,Drill-002,Maintenance
2025-01-30 12:31:43.519916,Truck-001,Idle
2025-01-30 12:31:42.519917,Drill-002,Running
2025-01-30 12:31:41.519918,Conveyor-003,Running
2025-01-30 12:31:40.519919,Drill-002,Running
2025-01-30 12:31:39.519919,Drill-002,Running
2025-01-30 12:31:38.519920,Drill-002,Running
2025-01-30 12:31:37.519921,Conveyor-003,Running
2025-01-30 12:31:36.519922,Conveyor-003,Running
2025-01-30 12:31:35.519923,Drill-002,Maintenance
2025-01-30 12:31:34.519923,Truck-001,Running
2025-01-30 12:31:33.519924,Truck-001,Maintenance
2025-01-30 12:31:32.519925,Truck-001,Maintenance
2025-01-30 12:31:31.519926,Truck-001,Maintenance
2025-01-30 12:31:30.519927,Conveyor-003,Maintenance
2025-01-30 12:31:29.519927,Truck-001,Running
2025-01-30 12:31:28.519928,Drill-002,Running
2025-01-30 12:31:27.519929,Drill-002,Maintenance
2025-01-30 12:31:26.519930,Truck-001,Maintenance
2025-01-30 12:31:25.519931,Truck-001,Running
2025-01-30 12:31:24.519931,Truck-001,Maintenance
2025-01-30 12:31:23.519932,Drill-002,Idle
2025-01-30 12:31:22.519933,Drill-002,Running
2025-01-30 12:31:21.519934,Conveyor-003,Idle
2025-01-30 12:31:20.519935,Truck-001,Maintenance
2025-01-30 12:31:19.519936,Conveyor-003,Running
2025-01-30 12:31:18.519937,Truck-001,Running
2025-01-30 12:31:17.519937,Truck-001,Idle
2025-01-30 12:31:16.519938,Truck-001,Maintenance
2025-01-30 12:31:15.519939,Truck-001,Idle
2025-01-30 12:31:14.519940,Conveyor-003,Running
2025-01-30 12:31:13.519941,Truck-001,Idle
2025-01-30 12:31:12.519941,Conveyor-003,Running
2025-01-30 12:31:11.519942,Conveyor-003,Idle
2025-01-30 12:31:10.519943,Conveyor-003,Idle
2025-01-30 12:31:09.519944,Conveyor-003,Running
2025-01-30 12:31:08.519945,Drill-002,Running
2025-01-30 12:31:07.519945,Drill-002,Idle
2025-01-30 12:31:06.519946,Conveyor-003,Maintenance
2025-01-30 12:31:05.519947,Drill-002,Maintenance
2025-01-30 12:31:04.519948,Drill-002,Running
2025-01-30 12:31:03.519949,Truck-001,Running
2025-01-30 12:31:02.519950,Drill-002,Running
2025-01-30 12:31:01.519950,Drill-002,Idle
2025-01-30 12:31:00.519951,Truck-001,Maintenance
2025-01-30 12:30:59.519952,Conveyor-003,Idle
2025-01-30 12:30:58.519953,Conveyor-003,Maintenance
2025-01-30 12:30:57.519954,Conveyor-003,Maintenance
2025-01-30 12:30:56.519954,Drill-002,Idle
2025-01-30 12:30:55.519955,Conveyor-003,Running
2025-01-30 12:30:54.519956,Truck-001,Running
2025-01-30 12:30:53.519957,Drill-002,Idle
2025-01-30 12:30:52.519958,Truck-001,Maintenance
2025-01-30 12:30:51.519958,Conveyor-003,Maintenance
2025-01-30 12:30:50.519959,Conveyor-003,Idle
2025-01-30 12:30:49.519960,Conveyor-003,Maintenance
2025-01-30 12:30:48.519961,Drill-002,Idle
2025-01-30 12:30:47.519962,Conveyor-003,Maintenance
2025-01-30 12:30:46.519962,Conveyor-003,Maintenance
2025-01-30 12:30:45.519963,Drill-002,Maintenance
2025-01-30 12:30:44.519964,Drill-002,Running
2025-01-30 12:30:43.519965,Truck-001,Running
2025-01-30 12:30:42.519966,Conveyor-003,Maintenance
2025-01-30 12:30:41.519967,Truck-001,Idle
2025-01-30 12:30:40.519967,Conveyor-003,Maintenance
2025-01-30 12:30:39.519968,Truck-001,Running
2025-01-30 12:30:38.519969,Conveyor-003,Maintenance
2025-01-30 12:30:37.519970,Truck-001,Maintenance
2025-01-30 12:30:36.519971,Drill-002,Idle
2025-01-30 12:30:35.519971,Conveyor-003,Maintenance
2025-01-30 12:30:34.519972,Truck-001,Maintenance
2025-01-30 12:30:33.519974,Drill-002,Maintenance
2025-01-30 12:30:32.519975,Drill-002,Maintenance
2025-01-30 12:30:31.519976,Conveyor-003,Maintenance
2025-01-30 12:30:30.519977,Conveyor-003,Running
2025-01-30 12:30:29.519978,Truck-001,Maintenance
2025-01-30 12:30:28.519979,Conveyor-003,Idle
2025-01-30 12:30:27.519979,Drill-002,Running
2025-01-30 12:30:26.519980,Truck-001,Idle
2025-01-30 12:30:25.519981,Conveyor-003,Running
2025-01-30 12:30:24.519982,Conveyor-003,Idle
2025-01-30 12:30:23.519983,Truck-001,Running
2025-01-30 12:30:22.519984,Drill-002,Running
2025-01-30 12:30:21.519985,Conveyor-003,Maintenance
2025-01-30 12:30:20.519985,Drill-002,Idle
2025-01-30 12:30:19.519986,Truck-001,Running
2025-01-30 12:30:18.519987,Drill-002,Running
2025-01-30 12:30:17.519988,Truck-001,Maintenance
2025-01-30 12:30:16.519989,Conveyor-003,Idle
2025-01-30 12:30:15.519990,Drill-002,Running
2025-01-30 12:30:14.519991,Conveyor-003,Idle
2025-01-30 12:30:13.519991,Truck-001,Running
2025-01-30 12:30:12.519992,Drill-002,Maintenance
2025-01-30 12:30:11.519993,Truck-001,Idle
2025-01-30 12:30:10.519994,Drill-002,Idle
2025-01-30 12:30:09.519995,Drill-002,Maintenance
2025-01-30 12:30:08.519996,Drill-002,Running
2025-01-30 12:30:07.519997,Drill-002,Running
2025-01-30 12:30:06.519998,Conveyor-003,Running
2025-01-30 12:30:05.519998,Drill-002,Running
2025-01-30 12:30:04.519999,Truck-001,Maintenance
2025-01-30 12:30:03.520000,Drill-002,Idle
2025-01-30 12:30:02.520001,Truck-001,Running
2025-01-30 12:30:01.520002,Drill-002,Running
2025-01-30 12:30:00.520003,Conveyor-003,Maintenance
2025-01-30 12:29:59.520004,Conveyor-003,Idle
2025-01-30 12:29:58.520004,Truck-001,Maintenance
2025-01-30 12:29:57.520005,Truck-001,Running
2025-01-30 12:29:56.520006,Drill-002,Idle
2025-01-30 12:29:55.520007,Truck-001,Maintenance
2025-01-30 12:29:54.520008,Drill-002,Idle
2025-01-30 12:29:53.520009,Conveyor-003,Running
2025-01-30 12:29:52.520010,Drill-002,Running
2025-01-30 12:29:51.520010,Conveyor-003,Idle
2025-01-30 12:29:50.520011,Drill-002,Idle
2025-01-30 12:29:49.520012,Truck-001,Running
2025-01-30 12:29:48.520013,Conveyor-003,Maintenance
2025-01-30 12:29:47.520014,Truck-001,Idle
2025-01-30 12:29:46.520015,Truck-001,Running
2025-01-30 12:29:45.520016,Truck-001,Running
2025-01-30 12:29:44.520016,Truck-001,Idle
2025-01-30 12:29:43.520017,Truck-001,Maintenance
2025-01-30 12:29:42.520018,Drill-002,Running
2025-01-30 12:29:41.520019,Drill-002,Idle
2025-01-30 12:29:40.520020,Conveyor-003,Running
2025-01-30 12:29:39.520021,Drill-002,Maintenance
2025-01-30 12:29:38.520021,Drill-002,Maintenance
2025-01-30 12:29:37.520022,Conveyor-003,Maintenance
2025-01-30 12:29:36.520023,Drill-002,Maintenance
2025-01-30 12:29:35.520024,Conveyor-003,Idle
2025-01-30 12:29:34.520025,Truck-001,Running
2025-01-30 12:29:33.520026,Truck-001,Maintenance
2025-01-30 12:29:32.520027,Drill-002,Running
2025-01-30 12:29:31.520027,Drill-002,Maintenance
2025-01-30 12:29:30.520028,Truck-001,Idle
2025-01-30 12:29:29.520029,Drill-002,Maintenance
2025-01-30 12:29:28.520030,Truck-001,Idle
2025-01-30 12:29:27.520031,Truck-001,Maintenance
2025-01-30 12:29:26.520032,Conveyor-003,Maintenance
2025-01-30 12:29:25.520033,Conveyor-003,Maintenance
2025-01-30 12:29:24.520033,Conveyor-003,Maintenance
2025-01-30 12:29:23.520034,Drill-002,Running
2025-01-30 12:29:22.520035,Drill-002,Maintenance
2025-01-30 12:29:21.520036,Drill-002,Maintenance
2025-01-30 12:29:20.520037,Conveyor-003,Idle
2025-01-30 12:29:19.520038,Truck-001,Idle
2025-01-30 12:29:18.520039,Truck-001,Maintenance
2025-01-30 12:29:17.520039,Drill-002,Running
2025-01-30 12:29:16.520040,Truck-001,Running
2025-01-30 12:29:15.520041,Drill-002,Running
2025-01-30 12:29:14.520042,Drill-002,Running
2025-01-30 12:29:13.520043,Drill-002,Maintenance
2025-01-30 12:29:12.520044,Drill-002,Running
2025-01-30 12:29:11.520045,Truck-001,Running
2025-01-30 12:29:10.520045,Drill-002,Running
2025-01-30 12:29:09.520046,Truck-001,Running
2025-01-30 12:29:08.520047,Drill-002,Running
2025-01-30 12:29:07.520048,Drill-002,Idle
2025-01-30 12:29:06.520049,Truck-001,Idle
2025-01-30 12:29:05.520050,Drill-002,Idle
2025-01-30 12:29:04.520050,Conveyor-003,Maintenance
2025-01-30 12:29:03.520051,Truck-001,Idle
2025-01-30 12:29:02.520052,Conveyor-003,Maintenance
2025-01-30 12:29:01.520053,Conveyor-003,Running
2025-01-30 12:29:00.520054,Truck-001,Running
2025-01-30 12:28:59.520055,Drill-002,Idle
2025-01-30 12:28:58.520056,Truck-001,Idle
2025-01-30 12:28:57.520056,Truck-001,Maintenance
2025-01-30 12:28:56.520057,Drill-002,Maintenance
2025-01-30 12:28:55.520058,Conveyor-003,Running
2025-01-30 12:28:54.520059,Conveyor-003,Idle
2025-01-30 12:28:53.520060,Conveyor-003,Idle
2025-01-30 12:28:52.520061,Conveyor-003,Running
2025-01-30 12:28:51.520062,Conveyor-003,Idle
2025-01-30 12:28:50.520062,Drill-002,Maintenance
2025-01-30 12:28:49.520063,Drill-002,Running
2025-01-30 12:28:48.520064,Truck-001,Maintenance
2025-01-30 12:28:47.520065,Drill-002,Idle
2025-01-30 12:28:46.520066,Truck-001,Running
2025-01-30 12:28:45.520067,Truck-001,Idle
2025-01-30 12:28:44.520068,Conveyor-003,Running
2025-01-30 12:28:43.520068,Drill-002,Running
2025-01-30 12:28:42.520069,Drill-002,Idle
2025-01-30 12:28:41.520070,Conveyor-003,Running
2025-01-30 12:28:40.520071,Truck-001,Idle
2025-01-30 12:28:39.520072,Conveyor-003,Idle
2025-01-30 12:28:38.520073,Drill-002,Maintenance
2025-01-30 12:28:37.520074,Drill-002,Maintenance
2025-01-30 12:28:36.520074,Conveyor-003,Running
2025-01-30 12:28:35.520075,Conveyor-003,Maintenance
2025-01-30 12:28:34.520076,Truck-001,Maintenance
2025-01-30 12:28:33.520077,Conveyor-003,Running
2025-01-30 12:28:32.520078,Drill-002,Idle
2025-01-30 12:28:31.520079,Conveyor-003,Running
2025-01-30 12:28:30.520080,Drill-002,Maintenance
2025-01-30 12:28:29.520080,Drill-002,Running
2025-01-30 12:28:28.520081,Truck-001,Running
2025-01-30 12:28:27.520082,Conveyor-003,Idle
2025-01-30 12:28:26.520083,Conveyor-003,Running
2025-01-30 12:28:25.520084,Conveyor-003,Idle
2025-01-30 12:28:24.520085,Truck-001,Idle
2025-01-30 12:28:23.520086,Conveyor-003,Idle
2025-01-30 12:28:22.520086,Conveyor-003,Idle
2025-01-30 12:28:21.520087,Conveyor-003,Maintenance
2025-01-30 12:28:20.520088,Conveyor-003,Running
2025-01-30 12:28:19.520089,Truck-001,Running
2025-01-30 12:28:18.520090,Drill-002,Idle
2025-01-30 12:28:17.520091,Truck-001,Running
2025-01-30 12:28:16.520091,Drill-002,Idle
2025-01-30 12:28:15.520092,Conveyor-003,Running
2025-01-30 12:28:14.520093,Truck-001,Maintenance
2025-01-30 12:28:13.520094,Conveyor-003,Maintenance
2025-01-30 12:28:12.520095,Conveyor-003,Running
2025-01-30 12:28:11.520096,Truck-001,Idle
2025-01-30 12:28:10.520097,Drill-002,Idle
2025-01-30 12:28:09.520102,Drill-002,Running
2025-01-30 12:28:08.520103,Truck-001,Maintenance
2025-01-30 12:28:07.520104,Conveyor-003,Idle
2025-01-30 12:28:06.520105,Truck-001,Maintenance
2025-01-30 12:28:05.520106,Drill-002,Idle
2025-01-30 12:28:04.520106,Truck-001,Maintenance
2025-01-30 12:28:03.520107,Truck-001,Maintenance
2025-01-30 12:28:02.520108,Truck-001,Running
2025-01-30 12:28:01.520109,Truck-001,Idle
2025-01-30 12:28:00.520110,Truck-001,Running
2025-01-30 12:27:59.520111,Drill-002,Idle
2025-01-30 12:27:58.520112,Truck-001,Maintenance
2025-01-30 12:27:57.520112,Drill-002,Maintenance
2025-01-30 12:27:56.520113,Truck-001,Maintenance
2025-01-30 12:27:55.520114,Drill-002,Maintenance
2025-01-30 12:27:54.520115,Truck-001,Idle
2025-01-30 12:27:53.520116,Conveyor-003,Idle
2025-01-30 12:27:52.520117,Truck-001,Maintenance
2025-01-30 12:27:51.520117,Truck-001,Idle
2025-01-30 12:27:50.520118,Drill-002,Running
2025-01-30 12:27:49.520119,Conveyor-003,Idle
2025-01-30 12:27:48.520120,Drill-002,Idle
2025-01-30 12:27:47.520121,Drill-002,Idle
2025-01-30 12:27:46.520122,Drill-002,Maintenance
2025-01-30 12:27:45.520122,Truck-001,Maintenance
2025-01-30 12:27:44.520123,Truck-001,Idle
2025-01-30 12:27:43.520124,Truck-001,Idle
2025-01-30 12:27:42.520125,Conveyor-003,Maintenance
2025-01-30 12:27:41.520126,Drill-002,Idle
2025-01-30 12:27:40.520127,Conveyor-003,Idle
2025-01-30 12:27:39.520127,Drill-002,Maintenance
2025-01-30 12:27:38.520128,Conveyor-003,Running
2025-01-30 12:27:37.520129,Conveyor-003,Maintenance
2025-01-30 12:27:36.520130,Drill-002,Running
2025-01-30 12:27:35.520131,Conveyor-003,Maintenance
2025-01-30 12:27:34.520132,Drill-002,Running
2025-01-30 12:27:33.520132,Conveyor-003,Running
2025-01-30 12:27:32.520133,Truck-001,Idle
2025-01-30 12:27:31.520134,Drill-002,Maintenance
2025-01-30 12:27:30.520135,Conveyor-003,Maintenance
2025-01-30 12:27:29.520136,Truck-001,Running
2025-01-30 12:27:28.520137,Drill-002,Running
2025-01-30 12:27:27.520138,Drill-002,Idle
2025-01-30 12:27:26.520138,Drill-002,Idle
2025-01-30 12:27:25.520139,Truck-001,Running
2025-01-30 12:27:24.520140,Drill-002,Idle
2025-01-30 12:27:23.520141,Truck-001,Running
2025-01-30 12:27:22.520142,Conveyor-003,Idle
2025-01-30 12:27:21.520143,Conveyor-003,Idle
2025-01-30 12:27:20.520143,Drill-002,Idle
2025-01-30 12:27:19.520144,Drill-002,Running
2025-01-30 12:27:18.520145,Drill-002,Running
2025-01-30 12:27:17.520146,Truck-001,Maintenance
2025-01-30 12:27:16.520147,Conveyor-003,Maintenance
2025-01-30 12:27:15.520148,Truck-001,Idle
2025-01-30 12:27:14.520148,Truck-001,Maintenance
2025-01-30 12:27:13.520149,Truck-001,Maintenance
2025-01-30 12:27:12.520150,Conveyor-003,Maintenance
2025-01-30 12:27:11.520151,Conveyor-003,Maintenance
2025-01-30 12:27:10.520152,Drill-002,Idle
2025-01-30 12:27:09.520153,Drill-002,Maintenance
2025-01-30 12:27:08.520154,Truck-001,Running
2025-01-30 12:27:07.520154,Drill-002,Idle
2025-01-30 12:27:06.520155,Truck-001,Maintenance
2025-01-30 12:27:05.520156,Conveyor-003,Maintenance
2025-01-30 12:27:04.520157,Drill-002,Idle
2025-01-30 12:27:03.520158,Conveyor-003,Running
2025-01-30 12:27:02.520159,Conveyor-003,Idle
2025-01-30 12:27:01.520159,Truck-001,Idle
2025-01-30 12:27:00.520160,Drill-002,Idle
2025-01-30 12:26:59.520161,Truck-001,Maintenance
2025-01-30 12:26:58.520162,Conveyor-003,Idle
2025-01-30 12:26:57.520163,Drill-002,Maintenance
2025-01-30 12:26:56.520164,Truck-001,Idle
2025-01-30 12:26:55.520164,Conveyor-003,Maintenance
2025-01-30 12:26:54.520165,Truck-001,Running
2025-01-30 12:26:53.520166,Conveyor-003,Idle
2025-01-30 12:26:52.520167,Conveyor-003,Running
2025-01-30 12:26:51.520168,Drill-002,Maintenance
2025-01-30 12:26:50.520169,Conveyor-003,Maintenance
2025-01-30 12:26:49.520170,Conveyor-003,Idle
2025-01-30 12:26:48.520170,Truck-001,Idle
2025-01-30 12:26:47.520171,Truck-001,Maintenance
2025-01-30 12:26:46.520172,Truck-001,Running
2025-01-30 12:26:45.520173,Drill-002,Maintenance
2025-01-30 12:26:44.520174,Conveyor-003,Idle
2025-01-30 12:26:43.520175,Drill-002,Running
2025-01-30 12:26:42.520175,Conveyor-003,Maintenance
2025-01-30 12:26:41.520176,Truck-001,Maintenance
2025-01-30 12:26:40.520177,Truck-001,Maintenance
2025-01-30 12:26:39.520178,Conveyor-003,Maintenance
2025-01-30 12:26:38.520179,Conveyor-003,Maintenance
2025-01-30 12:26:37.520180,Conveyor-003,Running
2025-01-30 12:26:36.520181,Drill-002,Idle
2025-01-30 12:26:35.520181,Drill-002,Running
2025-01-30 12:26:34.520182,Conveyor-003,Idle
2025-01-30 12:26:33.520183,Conveyor-003,Maintenance
2025-01-30 12:26:32.520184,Drill-002,Idle
2025-01-30 12:26:31.520185,Conveyor-003,Idle
2025-01-30 12:26:30.520186,Conveyor-003,Maintenance
2025-01-30 12:26:29.520186,Conveyor-003,Maintenance
2025-01-30 12:26:28.520187,Conveyor-003,Idle
2025-01-30 12:26:27.520188,Truck-001,Running
2025-01-30 12:26:26.520189,Drill-002,Maintenance
2025-01-30 12:26:25.520190,Truck-001,Idle
2025-01-30 12:26:24.520191,Truck-001,Running
2025-01-30 12:26:23.520191,Conveyor-003,Running
2025-01-30 12:26:22.520192,Conveyor-003,Idle
2025-01-30 12:26:21.520193,Truck-001,Maintenance
2025-01-30 12:26:20.520194,Drill-002,Running
2025-01-30 12:26:19.520195,Truck-001,Maintenance
2025-01-30 12:26:18.520196,Drill-002,Running
2025-01-30 12:26:17.520197,Truck-001,Maintenance
2025-01-30 12:26:16.520197,Drill-002,Idle
2025-01-30 12:26:15.520198,Truck-001,Maintenance
2025-01-30 12:26:14.520199,Truck-001,Idle
2025-01-30 12:26:13.520200,Drill-002,Idle
2025-01-30 12:26:12.520201,Conveyor-003,Maintenance
2025-01-30 12:26:11.520202,Truck-001,Idle
2025-01-30 12:26:10.520202,Drill-002,Maintenance
2025-01-30 12:26:09.520203,Conveyor-003,Maintenance
2025-01-30 12:26:08.520204,Truck-001,Idle
2025-01-30 12:26:07.520205,Drill-002,Idle
2025-01-30 12:26:06.520206,Conveyor-003,Maintenance
2025-01-30 12:26:05.520207,Conveyor-003,Maintenance
2025-01-30 12:26:04.520207,Conveyor-003,Running
2025-01-30 12:26:03.520208,Conveyor-003,Maintenance
2025-01-30 12:26:02.520209,Truck-001,Idle
2025-01-30 12:26:01.520210,Drill-002,Idle
2025-01-30 12:26:00.520211,Drill-002,Running
2025-01-30 12:25:59.520212,Drill-002,Running
2025-01-30 12:25:58.520213,Drill-002,Idle
2025-01-30 12:25:57.520213,Truck-001,Maintenance
2025-01-30 12:25:56.520214,Drill-002,Running
2025-01-30 12:25:55.520215,Drill-002,Maintenance
2025-01-30 12:25:54.520216,Drill-002,Maintenance
2025-01-30 12:25:53.520217,Truck-001,Idle
2025-01-30 12:25:52.520218,Truck-001,Maintenance
2025-01-30 12:25:51.520218,Conveyor-003,Running
2025-01-30 12:25:50.520219,Truck-001,Idle
2025-01-30 12:25:49.520220,Conveyor-003,Idle
2025-01-30 12:25:48.520221,Drill-002,Maintenance
2025-01-30 12:25:47.520222,Drill-002,Idle
2025-01-30 12:25:46.520223,Conveyor-003,Maintenance
2025-01-30 12:25:45.520223,Truck-001,Maintenance
2025-01-30 12:25:44.520224,Drill-002,Maintenance
2025-01-30 12:25:43.520225,Conveyor-003,Idle
2025-01-30 12:25:42.520226,Conveyor-003,Maintenance
2025-01-30 12:25:41.520227,Truck-001,Idle
2025-01-30 12:25:40.520228,Truck-001,Running
2025-01-30 12:25:39.520229,Conveyor-003,Idle
2025-01-30 12:25:38.520229,Truck-001,Maintenance
2025-01-30 12:25:37.520230,Truck-001,Idle
2025-01-30 12:25:36.520231,Drill-002,Idle
2025-01-30 12:25:35.520232,Truck-001,Idle
2025-01-30 12:25:34.520233,Truck-001,Idle
2025-01-30 12:25:33.520234,Drill-002,Idle
2025-01-30 12:25:32.520234,Conveyor-003,Maintenance
2025-01-30 12:25:31.520235,Truck-001,Idle
2025-01-30 12:25:30.520236,Truck-001,Idle
2025-01-30 12:25:29.520237,Conveyor-003,Idle
2025-01-30 12:25:28.520238,Truck-001,Maintenance
2025-01-30 12:25:27.520239,Conveyor-003,Maintenance
2025-01-30 12:25:26.520239,Conveyor-003,Running
2025-01-30 12:25:25.520240,Conveyor-003,Idle
2025-01-30 12:25:24.520241,Drill-002,Maintenance
2025-01-30 12:25:23.520242,Truck-001,Idle
2025-01-30 12:25:22.520243,Truck-001,Maintenance
2025-01-30 12:25:21.520244,Drill-002,Maintenance
2025-01-30 12:25:20.520244,Truck-001,Maintenance
2025-01-30 12:25:19.520245,Truck-001,Idle
2025-01-30 12:25:18.520246,Drill-002,Idle
2025-01-30 12:25:17.520247,Truck-001,Idle
2025-01-30 12:25:16.520248,Drill-002,Running
2025-01-30 12:25:15.520249,Conveyor-003,Maintenance
2025-01-30 12:25:14.520249,Drill-002,Idle
2025-01-30 12:25:13.520250,Conveyor-003,Running
2025-01-30 12:25:12.520251,Conveyor-003,Maintenance
2025-01-30 12:25:11.520252,Conveyor-003,Running
2025-01-30 12:25:10.520253,Drill-002,Maintenance
2025-01-30 12:25:09.520254,Conveyor-003,Maintenance
2025-01-30 12:25:08.520254,Truck-001,Running
2025-01-30 12:25:07.520255,Drill-002,Idle
2025-01-30 12:25:06.520256,Drill-002,Maintenance
2025-01-30 12:25:05.520257,Conveyor-003,Maintenance
2025-01-30 12:25:04.520258,Drill-002,Maintenance
2025-01-30 12:25:03.520259,Truck-001,Maintenance
2025-01-30 12:25:02.520260,Drill-002,Maintenance
2025-01-30 12:25:01.520260,Drill-002,Idle
2025-01-30 12:25:00.520261,Conveyor-003,Running
2025-01-30 12:24:59.520262,Drill-002,Idle
2025-01-30 12:24:58.520263,Conveyor-003,Idle
2025-01-30 12:24:57.520264,Drill-002,Idle
2025-01-30 12:24:56.520265,Drill-002,Maintenance
2025-01-30 12:24:55.520266,Truck-001,Maintenance
2025-01-30 12:24:54.520266,Conveyor-003,Running
2025-01-30 12:24:53.520267,Drill-002,Maintenance
2025-01-30 12:24:52.520268,Conveyor-003,Maintenance
2025-01-30 12:24:51.520269,Drill-002,Running
2025-01-30 12:24:50.520270,Drill-002,Running
2025-01-30 12:24:49.520271,Conveyor-003,Running
2025-01-30 12:24:48.520271,Conveyor-003,Idle
2025-01-30 12:24:47.520272,Drill-002,Idle
2025-01-30 12:24:46.520273,Drill-002,Running
2025-01-30 12:24:45.520274,Drill-002,Running
2025-01-30 12:24:44.520275,Conveyor-003,Maintenance
2025-01-30 12:24:43.520276,Truck-001,Maintenance
2025-01-30 12:24:42.520277,Drill-002,Maintenance
2025-01-30 12:24:41.520277,Drill-002,Idle
2025-01-30 12:24:40.520278,Drill-002,Idle
2025-01-30 12:24:39.520279,Drill-002,Idle
2025-01-30 12:24:38.520280,Drill-002,Idle
2025-01-30 12:24:37.520281,Conveyor-003,Idle
2025-01-30 12:24:36.520282,Conveyor-003,Idle
2025-01-30 12:24:35.520282,Drill-002,Running
2025-01-30 12:24:34.520283,Conveyor-003,Running
2025-01-30 12:24:33.520284,Truck-001,Running
2025-01-30 12:24:32.520285,Truck-001,Running
2025-01-30 12:24:31.520286,Drill-002,Idle
2025-01-30 12:24:30.520287,Drill-002,Idle
2025-01-30 12:24:29.520287,Drill-002,Maintenance
2025-01-30 12:24:28.520288,Conveyor-003,Running
2025-01-30 12:24:27.520289,Conveyor-003,Idle
2025-01-30 12:24:26.520290,Drill-002,Maintenance
2025-01-30 12:24:25.520291,Conveyor-003,Idle
2025-01-30 12:24:24.520292,Drill-002,Maintenance
2025-01-30 12:24:23.520293,Drill-002,Idle
2025-01-30 12:24:22.520293,Truck-001,Maintenance
2025-01-30 12:24:21.520294,Truck-001,Maintenance
2025-01-30 12:24:20.520295,Conveyor-003,Idle
2025-01-30 12:24:19.520296,Truck-001,Idle
2025-01-30 12:24:18.520297,Truck-001,Idle
2025-01-30 12:24:17.520298,Drill-002,Running
2025-01-30 12:24:16.520298,Truck-001,Running
2025-01-30 12:24:15.520299,Truck-001,Idle
2025-01-30 12:24:14.520300,Drill-002,Running
2025-01-30 12:24:13.520301,Truck-001,Maintenance
2025-01-30 12:24:12.520302,Drill-002,Idle
2025-01-30 12:24:11.520303,Conveyor-003,Maintenance
2025-01-30 12:24:10.520303,Conveyor-003,Idle
2025-01-30 12:24:09.520304,Conveyor-003,Running
2025-01-30 12:24:08.520305,Truck-001,Running
2025-01-30 12:24:07.520306,Drill-002,Idle
2025-01-30 12:24:06.520307,Truck-001,Idle
2025-01-30 12:24:05.520308,Drill-002,Running
2025-01-30 12:24:04.520308,Truck-001,Idle
2025-01-30 12:24:03.520309,Truck-001,Maintenance
2025-01-30 12:24:02.520310,Conveyor-003,Maintenance
2025-01-30 12:24:01.520311,Conveyor-003,Maintenance
2025-01-30 12:24:00.520312,Truck-001,Idle
2025-01-30 12:23:59.520313,Conveyor-003,Maintenance
2025-01-30 12:23:58.520313,Conveyor-003,Idle
2025-01-30 12:23:57.520314,Conveyor-003,Maintenance
2025-01-30 12:23:56.520315,Truck-001,Running
2025-01-30 12:23:55.520316,Conveyor-003,Running
2025-01-30 12:23:54.520317,Drill-002,Running
2025-01-30 12:23:53.520318,Drill-002,Maintenance
2025-01-30 12:23:52.520319,Conveyor-003,Maintenance
2025-01-30 12:23:51.520319,Drill-002,Idle
2025-01-30 12:23:50.520320,Drill-002,Maintenance
2025-01-30 12:23:49.520321,Conveyor-003,Idle
2025-01-30 12:23:48.520322,Drill-002,Idle
2025-01-30 12:23:47.520323,Conveyor-003,Running
2025-01-30 12:23:46.520324,Drill-002,Maintenance
2025-01-30 12:23:45.520324,Conveyor-003,Maintenance
2025-01-30 12:23:44.520325,Truck-001,Idle
2025-01-30 12:23:43.520326,Conveyor-003,Idle
2025-01-30 12:23:42.520327,Truck-001,Maintenance
2025-01-30 12:23:41.520328,Drill-002,Maintenance
2025-01-30 12:23:40.520329,Conveyor-003,Running
2025-01-30 12:23:39.520329,Truck-001,Maintenance
2025-01-30 12:23:38.520330,Truck-001,Running
2025-01-30 12:23:37.520331,Drill-002,Maintenance
2025-01-30 12:23:36.520332,Drill-002,Running
2025-01-30 12:23:35.520333,Drill-002,Idle
2025-01-30 12:23:34.520334,Truck-001,Idle
2025-01-30 12:23:33.520335,Conveyor-003,Idle
2025-01-30 12:23:32.520335,Truck-001,Running
2025-01-30 12:23:31.520336,Conveyor-003,Maintenance
2025-01-30 12:23:30.520337,Drill-002,Idle
2025-01-30 12:23:29.520338,Conveyor-003,Maintenance
2025-01-30 12:23:28.520339,Drill-002,Maintenance
2025-01-30 12:23:27.520340,Drill-002,Idle
2025-01-30 12:23:26.520340,Truck-001,Running
2025-01-30 12:23:25.520341,Conveyor-003,Running
2025-01-30 12:23:24.520342,Conveyor-003,Idle
2025-01-30 12:23:23.520343,Drill-002,Running
2025-01-30 12:23:22.520344,Conveyor-003,Maintenance
2025-01-30 12:23:21.520345,Drill-002,Running
2025-01-30 12:23:20.520346,Conveyor-003,Running
2025-01-30 12:23:19.520346,Conveyor-003,Idle
2025-01-30 12:23:18.520347,Conveyor-003,Idle
2025-01-30 12:23:17.520348,Truck-001,Maintenance
2025-01-30 12:23:16.520349,Conveyor-003,Idle
2025-01-30 12:23:15.520350,Drill-002,Maintenance
2025-01-30 12:23:14.520351,Truck-001,Maintenance
2025-01-30 12:23:13.520351,Drill-002,Running
2025-01-30 12:23:12.520352,Truck-001,Running
2025-01-30 12:23:11.520353,Conveyor-003,Idle
2025-01-30 12:23:10.520354,Truck-001,Idle
2025-01-30 12:23:09.520355,Conveyor-003,Idle
2025-01-30 12:23:08.520356,Drill-002,Running
2025-01-30 12:23:07.520356,Drill-002,Maintenance
2025-01-30 12:23:06.520357,Conveyor-003,Maintenance
2025-01-30 12:23:05.520358,Truck-001,Idle
2025-01-30 12:23:04.520359,Conveyor-003,Running
2025-01-30 12:23:03.520360,Drill-002,Maintenance
2025-01-30 12:23:02.520361,Truck-001,Running
2025-01-30 12:23:01.520361,Truck-001,Maintenance
2025-01-30 12:23:00.520362,Drill-002,Maintenance
2025-01-30 12:22:59.520363,Truck-001,Running
2025-01-30 12:22:58.520364,Truck-001,Idle
2025-01-30 12:22:57.520365,Truck-001,Running
2025-01-30 12:22:56.520366,Truck-001,Maintenance
2025-01-30 12:22:55.520367,Truck-001,Idle
2025-01-30 12:22:54.520367,Conveyor-003,Idle
2025-01-30 12:22:53.520368,Drill-002,Maintenance
2025-01-30 12:22:52.520369,Conveyor-003,Maintenance
2025-01-30 12:22:51.520370,Drill-002,Running
2025-01-30 12:22:50.520371,Drill-002,Idle
2025-01-30 12:22:49.520372,Truck-001,Idle
2025-01-30 12:22:48.520372,Drill-002,Maintenance
2025-01-30 12:22:47.520373,Conveyor-003,Idle
2025-01-30 12:22:46.520374,Drill-002,Idle
2025-01-30 12:22:45.520375,Truck-001,Running
2025-01-30 12:22:44.520376,Conveyor-003,Running
2025-01-30 12:22:43.520377,Conveyor-003,Maintenance
2025-01-30 12:22:42.520377,Conveyor-003,Idle
2025-01-30 12:22:41.520378,Conveyor-003,Running
2025-01-30 12:22:40.520379,Conveyor-003,Running
2025-01-30 12:22:39.520380,Drill-002,Running
2025-01-30 12:22:38.520381,Truck-001,Idle
2025-01-30 12:22:37.520382,Conveyor-003,Running
2025-01-30 12:22:36.520382,Truck-001,Running
2025-01-30 12:22:35.520383,Conveyor-003,Idle
2025-01-30 12:22:34.520384,Conveyor-003,Idle
2025-01-30 12:22:33.520385,Drill-002,Running
2025-01-30 12:22:32.520386,Conveyor-003,Running
2025-01-30 12:22:31.520387,Drill-002,Maintenance
2025-01-30 12:22:30.520388,Conveyor-003,Maintenance
2025-01-30 12:22:29.520388,Drill-002,Idle
2025-01-30 12:22:28.520389,Conveyor-003,Maintenance
2025-01-30 12:22:27.520390,Truck-001,Maintenance
2025-01-30 12:22:26.520391,Truck-001,Idle
2025-01-30 12:22:25.520392,Conveyor-003,Idle
2025-01-30 12:22:24.520393,Truck-001,Maintenance
2025-01-30 12:22:23.520393,Truck-001,Maintenance
2025-01-30 12:22:22.520394,Drill-002,Idle
2025-01-30 12:22:21.520395,Conveyor-003,Maintenance
2025-01-30 12:22:20.520396,Conveyor-003,Idle
2025-01-30 12:22:19.520397,Conveyor-003,Maintenance
2025-01-30 12:22:18.520398,Conveyor-003,Running
2025-01-30 12:22:17.520398,Drill-002,Running
2025-01-30 12:22:16.520399,Truck-001,Running
2025-01-30 12:22:15.520400,Truck-001,Running
2025-01-30 12:22:14.520401,Truck-001,Idle
2025-01-30 12:22:13.520402,Drill-002,Idle
2025-01-30 12:22:12.520403,Conveyor-003,Running
2025-01-30 12:22:11.520403,Truck-001,Running
2025-01-30 12:22:10.520404,Conveyor-003,Idle
2025-01-30 12:22:09.520405,Truck-001,Idle
2025-01-30 12:22:08.520406,Conveyor-003,Idle
2025-01-30 12:22:07.520407,Truck-001,Maintenance
2025-01-30 12:22:06.520408,Truck-001,Running
2025-01-30 12:22:05.520409,Drill-002,Running
2025-01-30 12:22:04.520409,Conveyor-003,Idle
2025-01-30 12:22:03.520410,Truck-001,Maintenance
2025-01-30 12:22:02.520411,Drill-002,Maintenance
2025-01-30 12:22:01.520412,Drill-002,Idle
2025-01-30 12:22:00.520413,Conveyor-003,Maintenance
2025-01-30 12:21:59.520414,Conveyor-003,Maintenance
2025-01-30 12:21:58.520414,Conveyor-003,Maintenance
2025-01-30 12:21:57.520415,Conveyor-003,Running
2025-01-30 12:21:56.520416,Truck-001,Idle
2025-01-30 12:21:55.520417,Conveyor-003,Idle
2025-01-30 12:21:54.520418,Drill-002,Idle
2025-01-30 12:21:53.520419,Conveyor-003,Running
2025-01-30 12:21:52.520420,Truck-001,Running
2025-01-30 12:21:51.520420,Truck-001,Idle
2025-01-30 12:21:50.520421,Truck-001,Idle
2025-01-30 12:21:49.520422,Truck-001,Maintenance
2025-01-30 12:21:48.520423,Conveyor-003,Running
2025-01-30 12:21:47.520424,Drill-002,Idle
2025-01-30 12:21:46.520425,Truck-001,Maintenance
2025-01-30 12:21:45.520425,Truck-001,Running
2025-01-30 12:21:44.520426,Drill-002,Running
2025-01-30 12:21:43.520427,Conveyor-003,Idle
2025-01-30 12:21:42.520428,Drill-002,Maintenance
2025-01-30 12:21:41.520429,Conveyor-003,Idle
2025-01-30 12:21:40.520430,Conveyor-003,Maintenance
2025-01-30 12:21:39.520430,Drill-002,Maintenance
2025-01-30 12:21:38.520431,Drill-002,Idle
2025-01-30 12:21:37.520432,Drill-002,Maintenance
2025-01-30 12:21:36.520433,Drill-002,Running
2025-01-30 12:21:35.520434,Conveyor-003,Running
2025-01-30 12:21:34.520435,Conveyor-003,Maintenance
2025-01-30 12:21:33.520435,Drill-002,Idle
2025-01-30 12:21:32.520436,Drill-002,Running
2025-01-30 12:21:31.520437,Drill-002,Running
2025-01-30 12:21:30.520438,Conveyor-003,Running
2025-01-30 12:21:29.520439,Conveyor-003,Idle
2025-01-30 12:21:28.520440,Truck-001,Idle
2025-01-30 12:21:27.520441,Drill-002,Idle
2025-01-30 12:21:26.520441,Truck-001,Running
2025-01-30 12:21:25.520442,Truck-001,Idle
2025-01-30 12:21:24.520443,Drill-002,Running
2025-01-30 12:21:23.520444,Conveyor-003,Idle
2025-01-30 12:21:22.520445,Truck-001,Maintenance
2025-01-30 12:21:21.520446,Conveyor-003,Maintenance
2025-01-30 12:21:20.520446,Truck-001,Idle
2025-01-30 12:21:19.520447,Conveyor-003,Maintenance
2025-01-30 12:21:18.520448,Drill-002,Idle
2025-01-30 12:21:17.520449,Conveyor-003,Maintenance
2025-01-30 12:21:16.520450,Conveyor-003,Maintenance
2025-01-30 12:21:15.520451,Conveyor-003,Maintenance
2025-01-30 12:21:14.520451,Drill-002,Idle
2025-01-30 12:21:13.520452,Drill-002,Maintenance
2025-01-30 12:21:12.520453,Drill-002,Running
2025-01-30 12:21:11.520454,Conveyor-003,Running
2025-01-30 12:21:10.520455,Drill-002,Running
2025-01-30 12:21:09.520456,Conveyor-003,Maintenance
2025-01-30 12:21:08.520456,Truck-001,Maintenance
2025-01-30 12:21:07.520457,Drill-002,Maintenance
2025-01-30 12:21:06.520458,Truck-001,Idle
2025-01-30 12:21:05.520459,Truck-001,Idle
2025-01-30 12:21:04.520460,Truck-001,Running
2025-01-30 12:21:03.520461,Drill-002,Idle
2025-01-30 12:21:02.520462,Drill-002,Running
2025-01-30 12:21:01.520462,Drill-002,Running
2025-01-30 12:21:00.520463,Truck-001,Idle
2025-01-30 12:20:59.520464,Conveyor-003,Maintenance
2025-01-30 12:20:58.520465,Conveyor-003,Maintenance
2025-01-30 12:20:57.520466,Drill-002,Maintenance
2025-01-30 12:20:56.520467,Conveyor-003,Idle
2025-01-30 12:20:55.520467,Conveyor-003,Idle
2025-01-30 12:20:54.520468,Truck-001,Idle
2025-01-30 12:20:53.520469,Conveyor-003,Running
2025-01-30 12:20:52.520470,Conveyor-003,Maintenance
2025-01-30 12:20:51.520471,Truck-001,Running
2025-01-30 12:20:50.520472,Drill-002,Running
2025-01-30 12:20:49.520472,Truck-001,Maintenance
2025-01-30 12:20:48.520473,Drill-002,Running
2025-01-30 12:20:47.520474,Truck-001,Running
2025-01-30 12:20:46.520475,Truck-001,Maintenance
2025-01-30 12:20:45.520476,Truck-001,Idle
2025-01-30 12:20:44.520477,Drill-002,Running
2025-01-30 12:20:43.520477,Drill-002,Maintenance
2025-01-30 12:20:42.520478,Truck-001,Maintenance
2025-01-30 12:20:41.520479,Conveyor-003,Maintenance
2025-01-30 12:20:40.520480,Truck-001,Running
2025-01-30 12:20:39.520481,Drill-002,Idle
2025-01-30 12:20:38.520482,Drill-002,Idle
2025-01-30 12:20:37.520482,Truck-001,Maintenance
2025-01-30 12:20:36.520483,Truck-001,Running
2025-01-30 12:20:35.520484,Drill-002,Maintenance
2025-01-30 12:20:34.520485,Conveyor-003,Idle
2025-01-30 12:20:33.520486,Truck-001,Running
2025-01-30 12:20:32.520487,Drill-002,Maintenance
2025-01-30 12:20:31.520488,Drill-002,Idle
2025-01-30 12:20:30.520488,Truck-001,Running
2025-01-30 12:20:29.520489,Truck-001,Maintenance
2025-01-30 12:20:28.520490,Drill-002,Running
2025-01-30 12:20:27.520491,Truck-001,Idle
2025-01-30 12:20:26.520492,Truck-001,Running
2025-01-30 12:20:25.520493,Truck-001,Maintenance
2025-01-30 12:20:24.520493,Conveyor-003,Idle
2025-01-30 12:20:23.520494,Conveyor-003,Maintenance
2025-01-30 12:20:22.520495,Conveyor-003,Running
2025-01-30 12:20:21.520496,Drill-002,Idle
2025-01-30 12:20:20.520497,Drill-002,Idle
2025-01-30 12:20:19.520498,Drill-002,Running
2025-01-30 12:20:18.520498,Conveyor-003,Idle
2025-01-30 12:20:17.520499,Drill-002,Idle
2025-01-30 12:20:16.520500,Truck-001,Running
2025-01-30 12:20:15.520501,Drill-002,Maintenance
2025-01-30 12:20:14.520502,Drill-002,Running
2025-01-30 12:20:13.520503,Truck-001,Maintenance
2025-01-30 12:20:12.520503,Conveyor-003,Idle
2025-01-30 12:20:11.520504,Truck-001,Running
2025-01-30 12:20:10.520505,Conveyor-003,Maintenance
2025-01-30 12:20:09.520506,Conveyor-003,Maintenance
2025-01-30 12:20:08.520507,Conveyor-003,Running
2025-01-30 12:20:07.520508,Conveyor-003,Running
2025-01-30 12:20:06.520508,Conveyor-003,Maintenance
2025-01-30 12:20:05.520509,Conveyor-003,Maintenance
2025-01-30 12:20:04.520510,Truck-001,Idle
2025-01-30 12:20:03.520511,Conveyor-003,Running
2025-01-30 12:20:02.520512,Drill-002,Running
2025-01-30 12:20:01.520513,Drill-002,Running
2025-01-30 12:20:00.520513,Drill-002,Idle
2025-01-30 12:19:59.520514,Conveyor-003,Running
2025-01-30 12:19:58.520515,Conveyor-003,Maintenance
2025-01-30 12:19:57.520516,Drill-002,Running
2025-01-30 12:19:56.520517,Drill-002,Maintenance
2025-01-30 12:19:55.520518,Truck-001,Maintenance
2025-01-30 12:19:54.520519,Conveyor-003,Running
2025-01-30 12:19:53.520519,Drill-002,Idle
2025-01-30 12:19:52.520520,Truck-001,Idle
2025-01-30 12:19:51.520521,Drill-002,Maintenance
2025-01-30 12:19:50.520522,Drill-002,Maintenance
2025-01-30 12:19:49.520523,Conveyor-003,Running
2025-01-30 12:19:48.520524,Truck-001,Running
2025-01-30 12:19:47.520524,Truck-001,Running
2025-01-30 12:19:46.520525,Truck-001,Running
2025-01-30 12:19:45.520526,Drill-002,Idle
2025-01-30 12:19:44.520527,Truck-001,Maintenance
2025-01-30 12:19:43.520528,Conveyor-003,Running
2025-01-30 12:19:42.520529,Drill-002,Idle
2025-01-30 12:19:41.520529,Drill-002,Running
2025-01-30 12:19:40.520530,Drill-002,Idle
2025-01-30 12:19:39.520531,Truck-001,Maintenance
2025-01-30 12:19:38.520532,Drill-002,Running
2025-01-30 12:19:37.520533,Truck-001,Idle
2025-01-30 12:19:36.520534,Conveyor-003,Idle
2025-01-30 12:19:35.520534,Truck-001,Idle
2025-01-30 12:19:34.520535,Drill-002,Idle
2025-01-30 12:19:33.520536,Drill-002,Running
2025-01-30 12:19:32.520537,Conveyor-003,Running
2025-01-30 12:19:31.520538,Drill-002,Maintenance
2025-01-30 12:19:30.520539,Drill-002,Running
2025-01-30 12:19:29.520540,Conveyor-003,Running
2025-01-30 12:19:28.520540,Drill-002,Idle
2025-01-30 12:19:27.520541,Truck-001,Running
2025-01-30 12:19:26.520542,Conveyor-003,Maintenance
2025-01-30 12:19:25.520543,Conveyor-003,Maintenance
2025-01-30 12:19:24.520544,Truck-001,Running
2025-01-30 12:19:23.520545,Drill-002,Idle
2025-01-30 12:19:22.520545,Drill-002,Idle
2025-01-30 12:19:21.520546,Drill-002,Maintenance
2025-01-30 12:19:20.520547,Conveyor-003,Maintenance
2025-01-30 12:19:19.520548,Truck-001,Running
2025-01-30 12:19:18.520549,Conveyor-003,Running
2025-01-30 12:19:17.520550,Drill-002,Maintenance
2025-01-30 12:19:16.520550,Truck-001,Running
2025-01-30 12:19:15.520551,Truck-001,Running
2025-01-30 12:19:14.520552,Truck-001,Idle
2025-01-30 12:19:13.520553,Drill-002,Maintenance
2025-01-30 12:19:12.520554,Conveyor-003,Idle
2025-01-30 12:19:11.520555,Drill-002,Running
2025-01-30 12:19:10.520555,Truck-001,Idle
2025-01-30 12:19:09.520556,Conveyor-003,Idle
2025-01-30 12:19:08.520557,Truck-001,Idle
2025-01-30 12:19:07.520558,Conveyor-003,Running
2025-01-30 12:19:06.520559,Conveyor-003,Running
2025-01-30 12:19:05.520560,Truck-001,Running
2025-01-30 12:19:04.520560,Conveyor-003,Idle
2025-01-30 12:19:03.520561,Drill-002,Maintenance
2025-01-30 12:19:02.520562,Drill-002,Running
2025-01-30 12:19:01.520563,Drill-002,Idle
2025-01-30 12:19:00.520564,Truck-001,Maintenance
2025-01-30 12:18:59.520565,Drill-002,Idle
2025-01-30 12:18:58.520565,Truck-001,Idle
2025-01-30 12:18:57.520566,Truck-001,Running
2025-01-30 12:18:56.520567,Drill-002,Idle
2025-01-30 12:18:55.520568,Conveyor-003,Idle
2025-01-30 12:18:54.520569,Drill-002,Maintenance
2025-01-30 12:18:53.520570,Conveyor-003,Running
2025-01-30 12:18:52.520570,Truck-001,Running
2025-01-30 12:18:51.520571,Drill-002,Idle
2025-01-30 12:18:50.520572,Conveyor-003,Running
2025-01-30 12:18:49.520573,Conveyor-003,Idle
2025-01-30 12:18:48.520574,Drill-002,Running
2025-01-30 12:18:47.520575,Conveyor-003,Running
2025-01-30 12:18:46.520576,Conveyor-003,Maintenance
2025-01-30 12:18:45.520576,Conveyor-003,Maintenance
2025-01-30 12:18:44.520577,Truck-001,Idle
2025-01-30 12:18:43.520578,Conveyor-003,Idle
2025-01-30 12:18:42.520579,Truck-001,Idle
2025-01-30 12:18:41.520580,Truck-001,Maintenance
2025-01-30 12:18:40.520581,Conveyor-003,Idle
2025-01-30 12:18:39.520581,Drill-002,Maintenance
2025-01-30 12:18:38.520582,Truck-001,Idle
2025-01-30 12:18:37.520583,Conveyor-003,Idle
2025-01-30 12:18:36.520584,Drill-002,Idle
2025-01-30 12:18:35.520585,Truck-001,Running
2025-01-30 12:18:34.520586,Conveyor-003,Idle
2025-01-30 12:18:33.520586,Drill-002,Running
2025-01-30 12:18:32.520587,Drill-002,Running
2025-01-30 12:18:31.520588,Truck-001,Idle
2025-01-30 12:18:30.520589,Drill-002,Idle
2025-01-30 12:18:29.520590,Conveyor-003,Idle
2025-01-30 12:18:28.520591,Drill-002,Idle
2025-01-30 12:18:27.520591,Truck-001,Running
2025-01-30 12:18:26.520592,Conveyor-003,Maintenance
2025-01-30 12:18:25.520593,Conveyor-003,Running
2025-01-30 12:18:24.520594,Conveyor-003,Idle
2025-01-30 12:18:23.520595,Conveyor-003,Maintenance
2025-01-30 12:18:22.520596,Drill-002,Maintenance
2025-01-30 12:18:21.520596,Truck-001,Running
2025-01-30 12:18:20.520597,Conveyor-003,Idle
2025-01-30 12:18:19.520598,Drill-002,Maintenance
2025-01-30 12:18:18.520599,Truck-001,Idle
2025-01-30 12:18:17.520600,Conveyor-003,Idle
2025-01-30 12:18:16.520601,Truck-001,Idle
2025-01-30 12:18:15.520602,Truck-001,Maintenance
2025-01-30 12:18:14.520602,Drill-002,Idle
2025-01-30 12:18:13.520603,Drill-002,Maintenance
2025-01-30 12:18:12.520604,Conveyor-003,Running
2025-01-30 12:18:11.520605,Drill-002,Maintenance
2025-01-30 12:18:10.520606,Conveyor-003,Idle
2025-01-30 12:18:09.520607,Drill-002,Running
2025-01-30 12:18:08.520607,Drill-002,Running
2025-01-30 12:18:07.520608,Conveyor-003,Idle
2025-01-30 12:18:06.520609,Drill-002,Maintenance
2025-01-30 12:18:05.520610,Truck-001,Idle
2025-01-30 12:18:04.520611,Conveyor-003,Running
2025-01-30 12:18:03.520612,Conveyor-003,Running
2025-01-30 12:18:02.520612,Truck-001,Maintenance
2025-01-30 12:18:01.520613,Truck-001,Maintenance
2025-01-30 13:08:43.096326,Truck-001,Maintenance
2025-01-30 13:08:43.504728,Truck-001,Running
2025-01-30 13:08:48.108041,Conveyor-003,Idle
2025-01-30 13:08:48.508193,Drill-002,Idle
2025-01-30 13:08:53.112294,Conveyor-003,Maintenance
2025-01-30 13:08:53.511206,Drill-002,Maintenance
2025-01-30 13:08:58.116026,Truck-001,Maintenance
2025-01-30 13:08:58.514109,Truck-001,Running
2025-01-30 13:09:03.193438,Conveyor-003,Idle
2025-01-30 13:09:03.530677,Conveyor-003,Running
2025-01-30 13:09:08.205856,Conveyor-003,Maintenance
2025-01-30 13:09:08.534220,Drill-002,Maintenance
2025-01-30 13:09:13.208451,Drill-002,Idle
2025-01-30 13:09:13.536911,Truck-001,Running
2025-01-30 13:09:18.214370,Conveyor-003,Idle
2025-01-30 13:09:18.563121,Conveyor-003,Running
2025-01-30 13:09:23.226112,Conveyor-003,Idle
2025-01-30 13:09:23.565318,Drill-002,Running
2025-01-30 13:09:28.228241,Drill-002,Maintenance
2025-01-30 13:09:28.568645,Truck-001,Idle
2025-01-30 13:09:33.230593,Drill-002,Running
2025-01-30 13:09:33.571666,Conveyor-003,Idle
2025-01-30 13:09:38.246605,Drill-002,Idle
2025-01-30 13:09:38.579091,Drill-002,Idle
2025-01-30 13:09:43.257195,Conveyor-003,Running
2025-01-30 13:09:43.624184,Truck-001,Maintenance
2025-01-30 13:09:48.290562,Conveyor-003,Running
2025-01-30 13:09:48.626256,Truck-001,Idle
2025-01-30 13:09:53.319679,Drill-002,Running
2025-01-30 13:09:53.636356,Conveyor-003,Running
2025-01-30 13:09:58.329897,Truck-001,Maintenance
2025-01-30 13:09:58.646289,Conveyor-003,Idle
2025-01-30 13:10:03.339763,Conveyor-003,Idle
2025-01-30 13:10:03.654333,Truck-001,Maintenance
2025-01-30 13:10:08.343349,Truck-001,Idle
2025-01-30 13:10:08.657236,Drill-002,Maintenance
2025-01-30 13:10:13.347947,Conveyor-003,Idle
2025-01-30 13:10:13.678851,Drill-002,Maintenance
2025-01-30 13:10:18.353092,Conveyor-003,Maintenance
2025-01-30 13:10:18.682413,Conveyor-003,Maintenance
2025-01-30 13:10:23.355256,Conveyor-003,Idle
2025-01-30 13:10:23.692813,Conveyor-003,Maintenance
2025-01-30 13:10:28.364242,Drill-002,Idle
2025-01-30 13:10:28.697282,Drill-002,Idle
2025-01-30 13:10:33.373826,Truck-001,Idle
2025-01-30 13:10:33.707971,Drill-002,Idle
2025-01-30 13:10:38.377057,Conveyor-003,Maintenance
2025-01-30 13:10:38.712610,Conveyor-003,Maintenance
2025-01-30 13:10:43.401474,Drill-002,Idle
2025-01-30 13:10:43.743910,Drill-002,Running
2025-01-30 13:10:48.412824,Drill-002,Idle
2025-01-30 13:10:48.758768,Truck-001,Idle
2025-01-30 13:10:53.433137,Drill-002,Running
2025-01-30 13:10:53.787743,Truck-001,Running
2025-01-30 13:10:58.441751,Drill-002,Idle
2025-01-30 13:10:58.792101,Truck-001,Idle
2025-01-30 13:11:03.455822,Truck-001,Idle
2025-01-30 13:11:03.797111,Truck-001,Idle
2025-01-30 13:11:08.459083,Conveyor-003,Running
2025-01-30 13:11:08.799951,Drill-002,Running
2025-01-30 13:11:13.461608,Conveyor-003,Idle
2025-01-30 13:11:13.803012,Conveyor-003,Idle
2025-01-30 13:11:18.464826,Drill-002,Idle
2025-01-30 13:11:18.810285,Truck-001,Idle
2025-01-30 13:11:23.473184,Truck-001,Maintenance
2025-01-30 13:11:23.817221,Drill-002,Maintenance
2025-01-30 13:11:28.476649,Conveyor-003,Idle
2025-01-30 13:11:28.822290,Conveyor-003,Running
2025-01-30 13:11:33.479518,Truck-001,Idle
2025-01-30 13:11:33.827096,Truck-001,Maintenance
2025-01-30 13:11:38.481669,Conveyor-003,Running
2025-01-30 13:11:38.831069,Conveyor-003,Running
2025-01-30 13:11:43.497179,Truck-001,Running
2025-01-30 13:11:43.835032,Drill-002,Maintenance
2025-01-30 13:11:48.500343,Truck-001,Maintenance
2025-01-30 13:11:48.838413,Conveyor-003,Idle
2025-01-30 13:11:53.503934,Conveyor-003,Running
2025-01-30 13:11:53.840756,Conveyor-003,Idle
2025-01-30 13:11:58.507196,Truck-001,Running
2025-01-30 13:11:58.842962,Conveyor-003,Maintenance
2025-01-30 13:12:03.511059,Drill-002,Idle
2025-01-30 13:12:03.855674,Drill-002,Running
2025-01-30 13:12:08.530629,Drill-002,Idle
2025-01-30 13:12:08.871143,Conveyor-003,Idle
2025-01-30 13:12:13.534975,Truck-001,Maintenance
2025-01-30 13:12:13.892433,Conveyor-003,Idle
2025-01-30 13:12:18.539179,Conveyor-003,Maintenance
2025-01-30 13:12:18.899190,Drill-002,Idle
2025-01-30 13:12:23.542499,Truck-001,Running
2025-01-30 13:12:23.904368,Drill-002,Idle
2025-01-30 13:12:28.550560,Conveyor-003,Maintenance
2025-01-30 13:12:28.922115,Truck-001,Maintenance
2025-01-30 13:12:33.610837,Truck-001,Maintenance
2025-01-30 13:12:33.931580,Truck-001,Idle
2025-01-30 13:12:38.632042,Truck-001,Maintenance
2025-01-30 13:12:38.937415,Truck-001,Running
2025-01-30 13:12:43.634676,Drill-002,Running
2025-01-30 13:12:43.939913,Truck-001,Maintenance
2025-01-30 18:04:47.286518,Truck-001,Idle
2025-01-30 18:04:47.697092,Drill-002,Maintenance
2025-01-30 18:04:52.290273,Truck-001,Running
2025-01-30 18:04:52.700864,Drill-002,Idle
2025-01-30 18:04:57.295921,Conveyor-003,Running
2025-01-30 18:04:57.705096,Conveyor-003,Idle
2025-01-30 18:05:02.304857,Conveyor-003,Idle
2025-01-30 18:05:02.707975,Conveyor-003,Running
2025-01-30 18:05:07.324233,Conveyor-003,Running
2025-01-30 18:05:07.710615,Truck-001,Idle
2025-01-30 18:05:12.327707,Truck-001,Running
2025-01-30 18:05:12.714236,Truck-001,Running
2025-01-30 18:05:17.330703,Drill-002,Running
2025-01-30 18:05:17.716981,Truck-001,Idle
2025-01-30 18:05:22.338920,Conveyor-003,Maintenance
2025-01-30 18:05:22.720926,Truck-001,Running
2025-01-30 18:05:27.341499,Conveyor-003,Idle
2025-01-30 18:05:27.745074,Conveyor-003,Running
2025-01-30 18:05:32.357400,Truck-001,Maintenance
2025-01-30 18:05:32.752366,Truck-001,Idle
2025-01-30 18:05:37.395234,Truck-001,Running
2025-01-30 18:05:37.757103,Conveyor-003,Maintenance
2025-01-30 18:05:42.397932,Conveyor-003,Idle
2025-01-30 18:05:42.759483,Conveyor-003,Maintenance
2025-01-30 18:05:47.400447,Truck-001,Running
2025-01-30 18:05:47.762785,Conveyor-003,Idle
